Movie_ID,Movie_Title,Budget,Cast,Crew,Studios,Genre,Keywords,Languages,Countries,Filming_Location,Release_Data,Runtime,Gross_worldwide,Rating,Rating_Count,ListOfCertificate
111161,The Shawshank Redemption,"Gross US & Canada$28,767,189","Tim Robbins,Morgan Freeman,Bob Gunton,William Sadler,Clancy Brown,Gil Bellows,Mark Rolston,James Whitmore,Jeffrey DeMunn,Larry Brandenburg,Neil Giuntoli,Brian Libby,David Proval,Joseph Ragno,Jude Ciccolella,Paul McCrane,Renee Blaine,Scott Mann","Frank Darabont,Stephen King",Castle Rock Entertainment,Drama,"prison,based on the works of stephen king,escape from prison,friendship between men,wrongful conviction",English,United States,Butler Ohio USA,1994-10-14,PT2H22M,"$29,334,033",9.3,3137212,
468569,The Dark Knight,"Gross US & Canada$534,987,076","Christian Bale,Heath Ledger,Aaron Eckhart,Michael Caine,Maggie Gyllenhaal,Gary Oldman,Morgan Freeman,Monique Gabriela Curnen,Ron Dean,Cillian Murphy,Chin Han,Nestor Carbonell,Eric Roberts,Ritchie Coster,Anthony Michael Hall,Keith Szarabajka,Colin McFarlane,Joshua Harto","Christopher Nolan,David S. Goyer,Jonathan Nolan","Warner Bros.,Legendary Pictures,DC Comics","Action,Crime,Drama","psychopath,moral dilemma,superhero,clown,criminal mastermind","English,Mandarin","United States,United Kingdom",Chicago Illinois USA,2008-07-18,PT2H32M,"$1,008,294,632",9.1,3113285,
137523,Fight Club,"Gross US & Canada$37,030,102","Brad Pitt,Edward Norton,Meat Loaf,Zach Grenier,Richmond Arquette,David Andrews,George Maguire,Eugenie Bondurant,Christina Cabot,Helena Bonham Carter,Sydney 'Big Dawg' Colston,Rachel Singer,Christie Cronenweth,Tim DeZarn,Ezra Buzzington,Dierdre Downing-Jackson,Bob Stephenson,Charlie Dell","Jim Uhls,Chuck Palahniuk,David Fincher","Fox 2000 Pictures,New Regency Productions,Linson Films","Crime,Drama,Thriller","anti establishment,insomnia,multiple personality disorder,surprise ending,group therapy",English,"United States,Germany",,1999-10-15,PT2H19M,"$101,321,009",8.8,2552562,
1375666,Inception,"Gross US & Canada$292,587,330","Leonardo DiCaprio,Joseph Gordon-Levitt,Elliot Page,Tom Hardy,Ken Watanabe,Dileep Rao,Cillian Murphy,Tom Berenger,Marion Cotillard,Pete Postlethwaite,Michael Caine,Lukas Haas,Tai-Li Lee,Claire Geare,Magnus Nolan,Taylor Geare,Johnathan Geare,Tohoru Masamune",Christopher Nolan,"Warner Bros.,Legendary Pictures,Syncopy","Action,Adventure,Sci-Fi","dream,ambiguous ending,subconscious,mindbender,surprise ending","English,Japanese,French","United States,United Kingdom",,2010-07-16,PT2H28M,"$839,786,473",8.8,2766787,
109830,Forrest Gump,"Gross US & Canada$330,455,270","Tom Hanks,Robin Wright,Gary Sinise,Rebecca Williams,Sally Field,Michael Conner Humphreys,Harold G. Herthum,George Kelly,Bob Penny,John Randall,Sam Anderson,Margo Moorer,Ione M. Telech,Christine Seabrook,John Worsham,Peter Dobson,Siobhan Fallon Hogan,Alexander Zemeckis","Winston Groom,Robert Zemeckis,Eric Roth","Paramount Pictures,The Steve Tisch Company,Wendy Finerman Productions","Drama,Romance","vietnam war,based on novel,vietnam,mother son relationship,war hero",English,United States,Chippewa Square Savannah Georgia USA,1994-07-06,PT2H22M,"$678,226,465",8.8,2452777,
816692,Interstellar,"Gross US & Canada$203,227,580","Matthew McConaughey,Anne Hathaway,Jessica Chastain,Ellen Burstyn,Mackenzie Foy,John Lithgow,Timothée Chalamet,David Oyelowo,Collette Wolfe,Francis X. McCarthy,Bill Irwin,Andrew Borba,Wes Bentley,William Devane,Michael Caine,David Gyasi,Josh Stewart,Casey Affleck","Christopher Nolan,Jonathan Nolan","Paramount Pictures,Warner Bros.,Legendary Pictures","Adventure,Drama,Sci-Fi","saving the world,astronaut,space travel,father daughter relationship,wormhole",English,"United States,United Kingdom,Canada",Iceland,2014-11-07,PT2H49M,"$773,808,312",8.7,2452222,
133093,The Matrix,"Gross US & Canada$172,076,928","Keanu Reeves,Laurence Fishburne,Carrie-Anne Moss,Hugo Weaving,Gloria Foster,Joe Pantoliano,Marcus Chong,Julian Arahanga,Matt Doran,Belinda McClory,Anthony Ray Parker,Paul Goddard,Robert Taylor,David Aston,Marc Aden Gray,Ada Nicodemou,Deni Gordon,Rowan Witt","Lana Wachowski,Lilly Wachowski","Warner Bros.,Village Roadshow Pictures,Groucho Film Partnership","Action,Sci-Fi","war with machines,artificial reality,simulated reality,dystopia,questioning reality",English,"United States,Australia",Nashville Tennessee USA,1999-03-31,PT2H16M,"$467,846,090",8.7,2214180,
110912,Pulp Fiction,"Gross US & Canada$107,928,762","John Travolta,Uma Thurman,Samuel L. Jackson,Tim Roth,Amanda Plummer,Laura Lovelace,Phil LaMarr,Frank Whaley,Burr Steers,Bruce Willis,Ving Rhames,Paul Calderon,Bronagh Gallagher,Rosanna Arquette,Eric Stoltz,Jerome Patrick Hoban,Michael Gilden,Gary Shorelle","Roger Avary,Quentin Tarantino","Miramax,A Band Apart,Jersey Films","Crime,Drama","nonlinear timeline,overdose,drug use,drug overdose,neo noir","English,Spanish,French",United States,1435 Flower Street Glendale California USA,1994-10-14,PT2H34M,"$213,928,762",8.8,2397380,
68646,The Godfather,"Gross US & Canada$136,381,073","Marlon Brando,Al Pacino,James Caan,Richard S. Castellano,Robert Duvall,Sterling Hayden,John Marley,Richard Conte,Al Lettieri,Diane Keaton,Abe Vigoda,Talia Shire,Gianni Russo,John Cazale,Rudy Bond,Al Martino,Morgana King,Lenny Montana","Mario Puzo,Francis Ford Coppola","Paramount Pictures,Albert S. Ruddy Productions,Alfran Productions","Crime,Drama","mafia,patriarch,crime family,organized crime,gangster","English,Italian,Latin",United States,Forza d'Agrò Messina Sicily Italy,1972-03-24,PT2H55M,"$250,926,380",9.2,2189802,
120737,The Lord of the Rings: The Fellowship of the Ring,"Gross US & Canada$319,372,078","Elijah Wood,Ian McKellen,Orlando Bloom,Alan Howard,Noel Appleby,Sean Astin,Sala Baker,Sean Bean,Billy Boyd,Andy Serkis,Marton Csokas,Viggo Mortensen,Megan Edwards,Michael Elsworth,Cate Blanchett,Mark Ferguson,Ian Holm,Christopher Lee","Philippa Boyens,Fran Walsh,Peter Jackson,J.R.R. Tolkien","New Line Cinema,WingNut Films,Marzano Films","Adventure,Drama,Fantasy","ring,quest,middle earth,elf,based on novel","English,Sindarin","New Zealand,United States,United Kingdom",Wellington New Zealand,2001-12-19,PT2H58M,"$889,477,586",8.9,2168315,
167260,The Lord of the Rings: The Return of the King,"Gross US & Canada$381,878,219","Elijah Wood,Viggo Mortensen,Ian McKellen,Noel Appleby,Ali Astin,Sean Astin,David Aston,John Bach,Sean Bean,Cate Blanchett,Orlando Bloom,Billy Boyd,Sadwyn Brophy,Alistair Browning,Marton Csokas,Richard Edge,Jason Fitch,Bernard Hill","Philippa Boyens,Fran Walsh,Peter Jackson,J.R.R. Tolkien","New Line Cinema,WingNut Films,The Saul Zaentz Company","Adventure,Drama,Fantasy","journey,orc,hobbit,battle,quest","English,Quenya,Old English,Sindarin","New Zealand,United States",Hinuera Valley Matamata Waikato New Zealand,2003-12-17,PT3H21M,"$1,139,431,705",9,2130693,
114369,Se7en,"Gross US & Canada$101,040,643","Morgan Freeman,Brad Pitt,Kevin Spacey,Andrew Kevin Walker,Daniel Zacapa,Gwyneth Paltrow,John Cassini,Bob Mack,Peter Crombie,Reg E. Cathey,R. Lee Ermey,George Christy,Endre Hules,Hawthorne James,William Davidson,Bob Collins,Jimmy Dale Hartsell,Richard Roundtree","Andrew Kevin Walker,David Fincher","Arnold Kopelson Productions,Cecchi Gori Pictures,Juno Pix","Crime,Drama,Mystery","serial killer,detective,murder,murder investigation,severed head",English,United States,,1995-09-22,PT2H7M,"$328,983,060",8.6,1982288,
1345836,The Dark Knight Rises,"Gross US & Canada$448,149,584","Christian Bale,Tom Hardy,Anne Hathaway,Gary Oldman,Joseph Gordon-Levitt,Marion Cotillard,Morgan Freeman,Michael Caine,Matthew Modine,Alon Aboutboul,Ben Mendelsohn,Burn Gorman,Daniel Sunjata,Aidan Gillen,Sam Kennard,Aliash Tepina,Nestor Carbonell,Brett Cullen","Christopher Nolan,David S. Goyer,Jonathan Nolan","Warner Bros.,Legendary Pictures,DC Entertainment","Action,Crime,Drama","batman character,terrorist plot,bruce wayne character,motorcycle,sequel","English,Arabic","United States,United Kingdom",Mehrangarh Fort Jodhpur Rajasthan India,2012-07-20,PT2H44M,"$1,085,199,115",8.4,1964306,
167261,The Lord of the Rings: The Two Towers,"Gross US & Canada$345,518,923","Elijah Wood,Ian McKellen,Viggo Mortensen,Bruce Allpress,Sean Astin,John Bach,Sala Baker,Cate Blanchett,Orlando Bloom,Billy Boyd,Jed Brophy,Sam Comery,Brad Dourif,Calum Gittins,Bernard Hill,Bruce Hopkins,Paris Howe Strewe,Christopher Lee","Philippa Boyens,Fran Walsh,Peter Jackson,J.R.R. Tolkien","New Line Cinema,WingNut Films,The Saul Zaentz Company","Adventure,Drama,Fantasy","middle earth,wizard,orc,hobbit,evil wizard","English,Sindarin,Old English","New Zealand,United States",Hinuera Valley Matamata Waikato New Zealand,2002-12-18,PT2H59M,"$938,848,691",8.8,1924444,
1853728,Django Unchained,"Gross US & Canada$162,805,434","Jamie Foxx,Christoph Waltz,Leonardo DiCaprio,Kerry Washington,Samuel L. Jackson,Walton Goggins,Dennis Christopher,James Remar,David Steen,Dana Gourrier,Nichole Galicia,Laura Cayouette,Ato Essandoh,Sammi Rotibi,Clay Donahue Fontenot,Escalante Lundy,Miriam F. Glover,Don Johnson",Quentin Tarantino,"The Weinstein Company,Columbia Pictures,Visiona Romantica","Drama,Western","slavery,racial violence,racial vengeance,sadism,n word","English,German,French,Italian",United States,,2012-12-25,PT2H45M,"$426,076,540",8.5,1849737,
172495,Gladiator,"Gross US & Canada$187,705,427","Russell Crowe,Joaquin Phoenix,Connie Nielsen,Oliver Reed,Richard Harris,Derek Jacobi,Djimon Hounsou,David Schofield,John Shrapnel,Tomas Arana,Ralf Moeller,Spencer Treat Clark,David Hemmings,Tommy Flanagan,Sven-Ole Thorsen,Omid Djalili,Nicholas McGaughey,Chris Kell","David Franzoni,John Logan,Ridley Scott,William Nicholson","DreamWorks Pictures,Universal Pictures,Scott Free Productions","Action,Adventure,Drama","roman empire,gladiator,slavery,combat,battlefield",English,"United States,United Kingdom,Malta",Ouarzazate Morocco,2000-05-05,PT2H35M,"$465,516,248",8.5,1817843,
361748,Inglourious Basterds,"Gross US & Canada$120,540,719","Brad Pitt,Diane Kruger,Eli Roth,Mélanie Laurent,Christoph Waltz,Michael Fassbender,Daniel Brühl,Til Schweiger,Gedeon Burkhard,Jacky Ido,B.J. Novak,Omar Doom,August Diehl,Denis Ménochet,Sylvester Groth,Martin Wuttke,Mike Myers,Julie Dreyfus",Quentin Tarantino,"Universal Pictures,The Weinstein Company,A Band Apart","Adventure,Drama,War","nazi,alternate history,world war two,brutality,jewish resistance","English,German,French,Italian","United States,Germany",,2009-08-21,PT2H33M,"$321,460,744",8.4,1746942,
993846,The Wolf of Wall Street,"Gross US & Canada$116,900,694","Leonardo DiCaprio,Jonah Hill,Margot Robbie,Matthew McConaughey,Kyle Chandler,Rob Reiner,Jon Bernthal,Jon Favreau,Jean Dujardin,Joanna Lumley,Cristin Milioti,Christine Ebersole,Shea Whigham,Katarina Cas,P.J. Byrne,Kenneth Choi,Brian Sacca,Henry Zebrowski","Martin Scorsese,Terence Winter,Jordan Belfort","Red Granite Pictures,Appian Way,Sikelia Productions","Biography,Comedy,Crime","based on true story,stockbroker,1990s,adultery,sex in bed","English,French",United States,Ardsley New York USA,2013-12-25,PT3H,"$407,039,432",8.2,1746510,
102926,The Silence of the Lambs,"Gross US & Canada$130,742,922","Jodie Foster,Anthony Hopkins,Scott Glenn,Ted Levine,Anthony Heald,Brooke Smith,Diane Baker,Kasi Lemmons,Charles Napier,Tracey Walter,Roger Corman,Ron Vawter,Danny Darst,Jeffrie Lane,Frankie Faison,Paul Lazar,Dan Butler,Chris Isaak","Jonathan Demme,Thomas Harris,Ted Tally","Strong Heart/Demme Production,Orion Pictures","Crime,Drama,Horror","serial killer,psychopath,female full frontal nudity,based on ed gein,based on novel","English,Latin",United States,,1991-02-14,PT1H58M,"$272,742,922",8.6,1690401,
372784,Batman Begins,"Gross US & Canada$206,863,479","Christian Bale,Michael Caine,Ken Watanabe,Liam Neeson,Katie Holmes,Gary Oldman,Cillian Murphy,Tom Wilkinson,Rutger Hauer,Linus Roache,Mark Boone Junior,Morgan Freeman,Larry Holden,Gerard Murphy,Colin McFarlane,Sara Stewart,Gus Lewis,Richard Brake","Christopher Nolan,David S. Goyer,Bob Kane","Warner Bros.,DC Comics,Syncopy","Action,Crime,Drama","superhero,batman character,male superhero,playboy,social decay","English,Mandarin","United States,United Kingdom",Lower Wacker Drive Downtown Chicago Illinois USA,2005-06-15,PT2H20M,"$375,550,730",8.2,1688237,
7286456,Joker,"Gross US & Canada$335,477,657","Joaquin Phoenix,Robert De Niro,Zazie Beetz,Frances Conroy,Brett Cullen,Shea Whigham,Bill Camp,Glenn Fleshler,Leigh Gill,Josh Pais,Rocco Luna,Marc Maron,Sondra James,Murphy Guyer,Douglas Hodge,Dante Pereira-Olson,Carrie Louise Putrello,Sharon Washington","Scott Silver,Todd Phillips,Bob Kane","Warner Bros.,Village Roadshow Pictures,BRON Studios","Crime,Drama,Thriller","mental illness,nihilism,clown,joker character,stand up comedian","English,German","United States,Canada,Australia",,2019-10-04,PT2H2M,"$1,078,958,629",8.3,1661589,
120815,Saving Private Ryan,"Gross US & Canada$217,049,603","Tom Hanks,Matt Damon,Tom Sizemore,Edward Burns,Barry Pepper,Adam Goldberg,Vin Diesel,Giovanni Ribisi,Jeremy Davies,Ted Danson,Paul Giamatti,Dennis Farina,Joerg Stadler,Max Martini,Dylan Bruno,Daniel Cerqueira,Demetri Goritsas,Ian Porter","Robert Rodat,Steven Spielberg","DreamWorks Pictures,Paramount Pictures,Amblin Entertainment","Drama,War","world war two,d day,u.s. army,combat,omaha beach","English,French,German,Czech",United States,,1998-07-24,PT2H49M,"$482,352,390",8.6,1613354,
1130884,Shutter Island,"Gross US & Canada$128,012,934","Leonardo DiCaprio,Emily Mortimer,Mark Ruffalo,Ben Kingsley,Max von Sydow,Michelle Williams,Patricia Clarkson,Jackie Earle Haley,Ted Levine,John Carroll Lynch,Elias Koteas,Robin Bartlett,Christopher Denham,Nellie Sciutto,Joseph Sikora,Curtiss Cook,Raymond Anthony Thomas,Joseph McKenna","Martin Scorsese,Laeta Kalogridis,Dennis Lehane","Paramount Pictures,Phoenix Pictures,Sikelia Productions","Drama,Mystery,Thriller","surprise ending,self delusion,medical experiment,psyche,neo noir","English,German","Canada,United States",,2010-02-19,PT2H18M,"$294,978,537",8.2,1607387,
108052,Schindler&apos;s List,"Gross US & Canada$96,898,818","Liam Neeson,Ralph Fiennes,Ben Kingsley,Caroline Goodall,Jonathan Sagall,Embeth Davidtz,Malgorzata Gebel,Shmuel Levy,Mark Ivanir,Béatrice Macola,Andrzej Seweryn,Friedrich von Thun,Krzysztof Luft,Harry Nehring,Norbert Weisser,Adi Nitzan,Michael Schneider,Miri Fabian","Steven Spielberg,Steven Zaillian,Thomas Keneally","Universal Pictures,Amblin Entertainment","Biography,Drama,History","holocaust,nazi,nazi concentration camp,jew,german","English,Hebrew,German,Polish,Latin",United States,,1994-02-04,PT3H15M,"$322,161,245",9,1564925,
482571,The Prestige,"Gross US & Canada$53,089,891","Christian Bale,Hugh Jackman,Scarlett Johansson,Michael Caine,Piper Perabo,Rebecca Hall,Samantha Mahurin,David Bowie,Andy Serkis,Daniel Davis,Jim Piddock,Christopher Neame,Mark Ryan,Roger Rees,Jamie Harris,Monty Stuart,Ron Perkins,Ricky Jay","Christopher Nolan,Christopher Priest,Jonathan Nolan","Touchstone Pictures,Warner Bros.,Newmarket Films","Drama,Mystery,Sci-Fi","illusion,magician,rivalry,magic,obsession",English,"United Kingdom,United States",,2006-10-20,PT2H10M,"$109,676,311",8.5,1561481,
848228,The Avengers,"Gross US & Canada$623,357,910","Robert Downey Jr.,Chris Evans,Scarlett Johansson,Mark Ruffalo,Chris Hemsworth,Jeremy Renner,Tom Hiddleston,Clark Gregg,Cobie Smulders,Stellan Skarsgård,Samuel L. Jackson,Gwyneth Paltrow,Paul Bettany,Alexis Denisof,Tina Benko,Jerzy Skolimowski,Kirill Nikiforov,Jeff Wolfe","Joss Whedon,Zak Penn","Marvel Studios,Paramount Pictures","Action,Sci-Fi","superhero,marvel cinematic universe,world domination,alien invasion,s.h.i.e.l.d.","English,Russian",United States,East 9th St Cleveland Ohio USA,2012-05-04,PT2H23M,"$1,520,538,536",8,1538282,
76759,Star Wars,"Gross US & Canada$460,998,507","Mark Hamill,Harrison Ford,Carrie Fisher,Peter Cushing,Alec Guinness,Anthony Daniels,Kenny Baker,Peter Mayhew,David Prowse,Phil Brown,Shelagh Fraser,Jack Purvis,Alex McCrindle,Eddie Byrne,Drewe Henley,Denis Lawson,Garrick Hagon,Jack Klaff",George Lucas,"Lucasfilm,Twentieth Century Fox","Action,Adventure,Fantasy","rebellion,princess,space opera,good versus evil,droid",English,United States,Tikal National Park Guatemala,1977-05-25,PT2H1M,"$775,398,507",8.6,1548899,
120689,The Green Mile,"Gross US & Canada$136,801,374","Tom Hanks,Michael Clarke Duncan,David Morse,Bonnie Hunt,James Cromwell,Michael Jeter,Graham Greene,Doug Hutchison,Sam Rockwell,Barry Pepper,Jeffrey DeMunn,Patricia Clarkson,Harry Dean Stanton,Dabbs Greer,Eve Brent,William Sadler,Mack Miles,Rai Tasco","Frank Darabont,Stephen King","Castle Rock Entertainment,Darkwoods Productions,Warner Bros.","Crime,Drama,Fantasy","death row inmate,electric chair,1930s,prison guard,execution","English,French",United States,,1999-12-10,PT3H9M,"$286,801,374",8.6,1534615,
407887,The Departed,"Gross US & Canada$132,399,394","Leonardo DiCaprio,Matt Damon,Jack Nicholson,Mark Wahlberg,Martin Sheen,Ray Winstone,Vera Farmiga,Anthony Anderson,Alec Baldwin,Kevin Corrigan,James Badge Dale,David O'Hara,Mark Rolston,Robert Wahlberg,Kristen Dalton,Thomas B. Duffy,Richard Hughes,J.C. MacKenzie","Martin Scorsese,William Monahan,Alan Mak,Felix Chong","Warner Bros.,Plan B Entertainment,Initial Entertainment Group (IEG)","Crime,Drama,Thriller","police,mobster,organized crime,undercover,irish american","English,Cantonese","United States,Hong Kong",,2006-10-06,PT2H31M,"$292,095,942",8.5,1531517,
80684,Star Wars: Episode V - The Empire Strikes Back,"Gross US & Canada$292,753,960","Mark Hamill,Harrison Ford,Carrie Fisher,Billy Dee Williams,Anthony Daniels,David Prowse,Peter Mayhew,Kenny Baker,Frank Oz,Alec Guinness,Jeremy Bulloch,John Hollis,Jack Purvis,Des Webb,Clive Revill,Kenneth Colley,Julian Glover,Michael Sheard","Leigh Brackett,Lawrence Kasdan,Irvin Kershner,George Lucas",Lucasfilm,"Action,Adventure,Fantasy","famous twist,part of trilogy,rescue,cave,famous score",English,United States,Hardangerjøkulen Glacier Finse Norway,1980-06-18,PT2H4M,"$550,016,086",8.7,1482914,
71562,The Godfather Part II,"Gross US & Canada$47,834,595","Al Pacino,Robert De Niro,Robert Duvall,Diane Keaton,John Cazale,Talia Shire,Lee Strasberg,Michael V. Gazzo,G.D. Spradlin,Richard Bright,Gastone Moschin,Tom Rosqui,Bruno Kirby,Frank Sivero,Francesca De Sapio,Morgana King,Marianna Hill,Leopoldo Trieste","Mario Puzo,Francis Ford Coppola","Paramount Pictures,The Coppola Company,American Zoetrope","Crime,Drama","revenge,1950s,cuban revolution,sicily,organized crime","English,Italian,Spanish,Latin,Sicilian",United States,,1974-12-18,PT3H22M,"$48,203,923",9,1472069,
499549,Avatar,"Gross US & Canada$785,221,649","Sam Worthington,Zoe Saldaña,Sigourney Weaver,Stephen Lang,Michelle Rodriguez,Giovanni Ribisi,Joel David Moore,CCH Pounder,Wes Studi,Laz Alonso,Dileep Rao,Matt Gerald,Sean Anthony Moran,Jason Whyte,Scott Lawrence,Kelly Kilgour,James Patrick Pitt,Sean Patrick Murphy",James Cameron,"Twentieth Century Fox,Dune Entertainment,Lightstorm Entertainment","Action,Adventure,Fantasy","forest protection,spiritualism,paraplegic,avatar,marine","English,Spanish","United States,United Kingdom",Kaua'i Hawaii USA,2009-12-18,PT2H42M,"$2,923,710,708",7.9,1467652,
88763,Back to the Future,"Gross US & Canada$222,476,852","Michael J. Fox,Christopher Lloyd,Lea Thompson,Crispin Glover,Tom Wilson,Claudia Wells,Marc McClure,Wendie Jo Sperber,George DiCenzo,Frances Lee McCain,James Tolkan,J.J. Cohen,Casey Siemaszko,Billy Zane,Harry Waters Jr.,Donald Fullilove,Lisa Freeman,Cristen Kauffman","Robert Zemeckis,Bob Gale","Universal Pictures,Amblin Entertainment,U-Drive Productions","Adventure,Comedy,Sci-Fi","time travel,time machine,future,time travel comedy,delorean",English,United States,,1985-07-03,PT1H56M,"$392,976,852",8.5,1426775,
209144,Memento,"Gross US & Canada$25,544,867","Guy Pearce,Carrie-Anne Moss,Joe Pantoliano,Mark Boone Junior,Russ Fega,Jorja Fox,Stephen Tobolowsky,Harriet Sansom Harris,Thomas Lennon,Callum Keith Rennie,Kimberly Campbell,Marianne Muellerleile,Larry Holden,Doshia Darmane,Stephanie Searson,Buzz Visconti","Christopher Nolan,Jonathan Nolan","Newmarket Capital Group,Team Todd,I Remember Productions","Drama,Mystery,Thriller","memory,hidden truth,murder,short term memory loss,revenge",English,United States,,2001-05-25,PT1H53M,"$40,060,108",8.4,1415772,
4154796,Avengers: Endgame,"Gross US & Canada$858,373,000","Robert Downey Jr.,Chris Evans,Mark Ruffalo,Chris Hemsworth,Scarlett Johansson,Jeremy Renner,Don Cheadle,Paul Rudd,Benedict Cumberbatch,Chadwick Boseman,Brie Larson,Tom Holland,Karen Gillan,Zoe Saldaña,Evangeline Lilly,Tessa Thompson,Rene Russo,Elizabeth Olsen","Stan Lee,Stephen McFeely,Christopher Markus,Anthony Russo,Joe Russo",Marvel Studios,"Action,Adventure,Sci-Fi","time travel,superhero,super villain,cosmic,marvel cinematic universe","English,Japanese,Xhosa,German",United States,,2019-04-26,PT3H1M,"$2,799,439,100",8.4,1413044,
120338,Titanic,"Gross US & Canada$674,354,882","Leonardo DiCaprio,Kate Winslet,Billy Zane,Kathy Bates,Frances Fisher,Gloria Stuart,Bill Paxton,Bernard Hill,David Warner,Victor Garber,Jonathan Hyde,Suzy Amis,Lewis Abernathy,Nicholas Cascone,Anatoly M. Sagalevitch,Danny Nucci,Jason Barry,Ewan Stewart",James Cameron,"Twentieth Century Fox,Paramount Pictures,Lightstorm Entertainment","Drama,Romance","iceberg,titanic,drowning,mass death,nude modeling","English,Swedish,Italian,French",United States,,1997-12-19,PT3H14M,"$2,264,812,968",7.9,1371002,
99685,GoodFellas,"Gross US & Canada$46,909,721","Robert De Niro,Ray Liotta,Joe Pesci,Lorraine Bracco,Paul Sorvino,Frank Sivero,Tony Darrow,Mike Starr,Frank Vincent,Chuck Low,Frank DiLeo,Henny Youngman,Gina Mastrogiacomo,Catherine Scorsese,Charles Scorsese,Suzanne Shepherd,Debi Mazar,Margo Winkler","Martin Scorsese,Nicholas Pileggi",Warner Bros.,"Biography,Crime,Drama","gangster,mafia,organized crime,rise and fall,mob violence","English,Italian,Hebrew,Yiddish",United States,Staten Island New York City New York USA,1990-09-21,PT2H25M,"$47,076,791",8.7,1368507,
2015381,Guardians of the Galaxy,"Gross US & Canada$333,718,600","Chris Pratt,Vin Diesel,Bradley Cooper,Zoe Saldaña,Dave Bautista,Lee Pace,Michael Rooker,Karen Gillan,Djimon Hounsou,John C. Reilly,Glenn Close,Benicio Del Toro,Laura Haddock,Sean Gunn,Peter Serafinowicz,Christopher Fairbank,Krystian Godlewski,Wyatt Oleff","Dan Abnett,Nicole Perlman,James Gunn","Marvel Studios,Longcross Studios,Moving Pictures Company","Action,Adventure,Comedy","outer space,bounty hunter,tree,talking animal,female warrior",English,"United States,United Kingdom",,2014-08-01,PT2H1M,"$773,350,376",8,1345695,
4154756,Avengers: Infinity War,"Gross US & Canada$678,815,482","Robert Downey Jr.,Chris Hemsworth,Mark Ruffalo,Chris Evans,Scarlett Johansson,Don Cheadle,Benedict Cumberbatch,Tom Holland,Chadwick Boseman,Zoe Saldaña,Karen Gillan,Tom Hiddleston,Paul Bettany,Elizabeth Olsen,Anthony Mackie,Sebastian Stan,Idris Elba,Danai Gurira","Stan Lee,Stephen McFeely,Christopher Markus,Anthony Russo,Joe Russo","Marvel Studios,Jason Roberts Productions,South Pictures","Action,Adventure,Sci-Fi","superhero,ensemble cast,marvel cinematic universe,supervillain,wakanda",English,"United States,Norway",,2018-04-27,PT2H29M,"$2,052,415,039",8.4,1341034,
120382,The Truman Show,"Gross US & Canada$125,618,201","Jim Carrey,Ed Harris,Laura Linney,Noah Emmerich,Natascha McElhone,Holland Taylor,Brian Delate,Blair Slater,Peter Krause,Heidi Schanz,Ron Taylor,Don Taylor,Ted Raymond,Judy Clayton,Fritz Dominique,Angel Schmiedt,Nastassja Schmiedt,Muriel Moore","Peter Weir,Andrew Niccol","Paramount Pictures,Scott Rudin Productions","Comedy,Drama","hidden camera,simulated reality,fictional reality show,paranoia,controlled environment",English,United States,Seaside Florida USA,1998-06-05,PT1H43M,"$264,118,712",8.2,1338816,
110413,Léon,"Gross US & Canada$19,501,238","Jean Reno,Gary Oldman,Natalie Portman,Danny Aiello,Peter Appel,Willi One Blood,Don Creech,Keith A. Glascoe,Randolph Scott,Michael Badalucco,Ellen Greene,Elizabeth Regen,Carl J. Matusovich,Frank Senger,Lucius Wyatt Cherokee,Eric Challier,Luc Bernard,Maïwenn",Luc Besson,"Columbia Pictures,Gaumont,Les Films du Dauphin","Action,Crime,Drama","hitman,killer child,revenge,assassin,neo noir","English,Italian,French","France,United States",Paris France,1994-11-18,PT1H50M,"$20,330,788",8.5,1335377,
325980,Pirates of the Caribbean: The Curse of the Black Pearl,"Gross US & Canada$305,413,918","Johnny Depp,Geoffrey Rush,Orlando Bloom,Keira Knightley,Jack Davenport,Jonathan Pryce,Lee Arenberg,Mackenzie Crook,Damian O'Hare,Giles New,Angus Barnett,David Bailie,Michael Berry Jr.,Isaac C. Singleton Jr.,Kevin McNally,Treva Etienne,Zoe Saldaña,Guy Siner","Gore Verbinski,Stuart Beattie,Ted Elliott,Terry Rossio","Walt Disney Pictures,Jerry Bruckheimer Films","Action,Adventure,Fantasy","pirate,undead,captain jack sparrow character,joshamee gibbs character,captain hector barbossa character",English,United States,Bequia St Vincent and the Grenadines,2003-07-09,PT2H23M,"$654,264,546",8.1,1302162,
910970,WALL·E,"Gross US & Canada$223,808,164","Ben Burtt,Elissa Knight,Jeff Garlin,Fred Willard,MacInTalk,John Ratzenberger,Kathy Najimy,Sigourney Weaver,Karleen Griffin,Kim Kopf,Niki McElroy,Garrett Palmer,Lori Richardson,Jessica Skelton,Kai Steel Smith,Michael Toy","Jim Reardon,Andrew Stanton,Pete Docter","Walt Disney Pictures,Pixar Animation Studios,FortyFour Studios","Animation,Adventure,Family","obesity,robot,earth,pollution,post apocalypse",English,"United States,Japan",,2008-06-27,PT1H38M,"$527,403,656",8.4,1299099,
266697,Kill Bill: Vol. 1,"Gross US & Canada$70,099,045","Uma Thurman,David Carradine,Daryl Hannah,Lucy Liu,Vivica A. Fox,Michael Madsen,Julie Dreyfus,Chiaki Kuriyama,Shin'ichi Chiba,Chia-Hui Liu,Michael Parks,Michael Bowen,Jun Kunimura,Kenji Ôba,Yuki Kazamatsuri,James Parks,Sakichi Sato,Jonathan Loughran","Uma Thurman,Quentin Tarantino","Miramax,A Band Apart,Super Cool ManChu","Action,Crime,Thriller","revenge,female protagonist,female warrior,original story,criminal underworld","English,Japanese,French",United States,,2003-10-10,PT1H51M,"$180,908,413",8.2,1284993,
169547,American Beauty,"Gross US & Canada$130,096,601","Kevin Spacey,Annette Bening,Thora Birch,Wes Bentley,Mena Suvari,Peter Gallagher,Allison Janney,Chris Cooper,Scott Bakula,Sam Robards,Barry Del Sherman,Ara Celi,John Cho,Fort Atkinson,Sue Casey,Kent Faulcon,Brenda Wehle,Lisa Cloud","Alan Ball,Sam Mendes","DreamWorks Pictures,Jinks/Cohen Company",Drama,"midlife crisis,loveless marriage,obsession,virginity,drug use",English,United States,Sacramento California USA,1999-10-01,PT2H2M,"$356,296,601",8.3,1269394,
103064,Terminator 2: Judgment Day,"Gross US & Canada$205,881,154","Arnold Schwarzenegger,Linda Hamilton,Edward Furlong,Robert Patrick,Earl Boen,Joe Morton,S. Epatha Merkerson,Castulo Guerra,Danny Cooksey,Jenette Goldstein,Xander Berkeley,Leslie Hamilton Gearren,Ken Gibbel,Robert Winley,Pete Schrum,Shane Wilder,Michael Edwards,Jared Lounsbery","James Cameron,William Wisher","Carolco Pictures,Pacific Western,Lightstorm Entertainment","Action,Adventure,Sci-Fi","time travel,artificial intelligence,post apocalypse,sequel,alternate timeline","English,Spanish","United States,France",,1991-07-03,PT2H17M,"$517,778,573",8.6,1266910,
120586,American History X,"Gross US & Canada$6,719,864","Edward Norton,Edward Furlong,Beverly D'Angelo,Jennifer Lien,Ethan Suplee,Fairuza Balk,Avery Brooks,Elliott Gould,Stacy Keach,William Russ,Guy Torry,Joe Cortese,Jason Bose Smith,Antonio David Lyons,Alex Sol,Keram Malicki-Sánchez,Giuseppe Andrews,Michelle Christine White","Tony Kaye,David McKenna","New Line Cinema,The Turman-Morrissey Company","Crime,Drama","neo nazi,prison,hatred,white supremacist,racism",English,United States,,1998-11-20,PT1H59M,"$23,875,714",8.5,1258835,
110357,The Lion King,"Gross US & Canada$424,979,720","Matthew Broderick,Jeremy Irons,James Earl Jones,Rowan Atkinson,Niketa Calame-Harris,Jim Cummings,Whoopi Goldberg,Robert Guillaume,Moira Kelly,Nathan Lane,Zoe Leader,Cheech Marin,Ernie Sabella,Madge Sinclair,Jonathan Taylor Thomas,Frank Welker,Cathy Cavadini,Judi M. Durand","Roger Allers,Linda Woolverton,Rob Minkoff,Jonathan Roberts,Irene Mecchi","Walt Disney Pictures,Walt Disney Animation Studios,Walt Disney Feature Animation","Animation,Adventure,Drama","africa,king,lion,shakespearean,disney","English,Swahili,Xhosa,Zulu",United States,,1994-06-24,PT1H28M,"$979,161,632",8.5,1239082,
1431045,Deadpool,"Gross US & Canada$363,070,709","Ryan Reynolds,Morena Baccarin,T.J. Miller,Karan Soni,Ed Skrein,Michael Benyaer,Stefan Kapicic,Brianna Hildebrand,Style Dayne,Kyle Cassie,Taylor Hickson,Ayzee,Naika Toussaint,Randal Reeder,Isaac C. Singleton Jr.,Justyn Shippelt,Donna Yamamoto,Jed Rees","Paul Wernick,Rhett Reese,Tim Miller","Twentieth Century Fox,Marvel Entertainment,Kinberg Genre","Action,Comedy,Sci-Fi","breaking the fourth wall,anti hero,sex scene,mercenary,revenge",English,United States,Vancouver British Columbia Canada,2016-02-12,PT1H48M,"$782,837,347",8,1235910,
434409,V for Vendetta,"Gross US & Canada$70,511,035","Hugo Weaving,Natalie Portman,Rupert Graves,Stephen Rea,Stephen Fry,John Hurt,Tim Pigott-Smith,Roger Allam,Ben Miles,Sinéad Cusack,Natasha Wightman,John Standing,Eddie Marsan,Clive Ashborn,Emma Field-Rayner,Ian Burfield,Mark Phoenix,Alister Mazzotti","David Lloyd,Lana Wachowski,James McTeigue,Lilly Wachowski","Warner Bros.,Virtual Studios,Silver Pictures","Action,Drama,Sci-Fi","revolution,freedom,masked vigilante,vigilante,masked hero","English,French,Latin,Spanish","United States,United Kingdom,Germany",,2006-03-17,PT2H12M,"$134,686,457",8.1,1235170,
114814,The Usual Suspects,"Gross US & Canada$23,341,568","Kevin Spacey,Gabriel Byrne,Chazz Palminteri,Stephen Baldwin,Benicio Del Toro,Kevin Pollak,Pete Postlethwaite,Suzy Amis,Giancarlo Esposito,Dan Hedaya,Paul Bartel,Carl Bressler,Phillipe Simon,Jack Shearer,Christine Estabrook,Clark Gregg,Morgan Hunter,Ken Daly","Bryan Singer,Christopher McQuarrie","Polygram Filmed Entertainment,Spelling Films International,Blue Parrot","Crime,Drama,Mystery","surprise ending,criminal mastermind,criminal,suspect,unreliable narrator","English,Hungarian,Spanish,French","United States,Germany",,1995-08-16,PT1H46M,"$23,342,724",8.5,1222572,
1049413,Up,"Gross US & Canada$293,004,164","Edward Asner,Jordan Nagai,John Ratzenberger,Christopher Plummer,Bob Peterson,Delroy Lindo,Jerome Ranft,David Kaye,Elie Docter,Jeremy Leary,Mickie McGowan,Danny Mann,Donald Fullilove,Jess Harnell,Josh Cooley,Pete Docter,Mark Andrews,Bob Bergen","Tom McCarthy,Bob Peterson,Pete Docter","Walt Disney Pictures,Pixar Animation Studios","Animation,Adventure,Comedy","heartfelt,original story,child in jeopardy,balloon,south america",English,United States,,2009-05-29,PT1H36M,"$735,103,954",8.3,1215487,
264464,Catch Me If You Can,"Gross US & Canada$164,615,351","Leonardo DiCaprio,Tom Hanks,Christopher Walken,Martin Sheen,Nathalie Baye,Amy Adams,James Brolin,Brian Howe,Frank John Hughes,Steve Eastin,Chris Ellis,John Finn,Jennifer Garner,Nancy Lenehan,Ellen Pompeo,Elizabeth Banks,Guy Thauvette,Candice Azzara","Frank Abagnale Jr.,Steven Spielberg,Stan Redding,Jeff Nathanson","DreamWorks Pictures,Kemp Company,Splendid Pictures","Biography,Crime,Drama","impostor,deception,fraud,forgery,race against time","English,French","United States,Canada",,2002-12-25,PT2H21M,"$352,114,312",8.1,1206756,
81505,The Shining,"Gross US & Canada$47,194,352","Jack Nicholson,Shelley Duvall,Danny Lloyd,Scatman Crothers,Barry Nelson,Philip Stone,Joe Turkel,Anne Jackson,Tony Burton,Lia Beldam,Billie Gibson,Barry Dennen,David Baxt,Manning Redwood,Lisa Burns,Louise Burns,Robin Pappas,Alison Coleridge","Diane Johnson,Stephen King,Stanley Kubrick","Warner Bros.,Hawk Films,Peregrine","Drama,Horror","haunted hotel,labyrinth,isolation,freezing to death,typewriter",English,"United Kingdom,United States",,1980-06-13,PT2H26M,"$50,182,408",8.4,1205953,
371746,Iron Man,"Gross US & Canada$319,034,126","Robert Downey Jr.,Gwyneth Paltrow,Terrence Howard,Jeff Bridges,Leslie Bibb,Shaun Toub,Faran Tahir,Clark Gregg,Bill Smitrovich,Sayed Badreya,Paul Bettany,Jon Favreau,Peter Billingsley,Tim Guinee,Will Lyman,Tom Morello,Marco Khan,Dastan Khalili","Jon Favreau,Hawk Ostby,Mark Fergus,Art Marcum","Paramount Pictures,Marvel Entertainment,Marvel Studios","Action,Adventure,Sci-Fi","marvel cinematic universe,billionaire,inventor,robot suit,superhero","English,Persian,Urdu,Arabic,Kurdish","United States,Canada",Alabama Hills Lone Pine California USA,2008-05-02,PT2H6M,"$585,796,247",7.9,1204599,
86190,Star Wars: Episode VI - Return of the Jedi,"Gross US & Canada$316,566,101","Mark Hamill,Harrison Ford,Carrie Fisher,Billy Dee Williams,Anthony Daniels,Peter Mayhew,Sebastian Shaw,Ian McDiarmid,Frank Oz,James Earl Jones,David Prowse,Alec Guinness,Kenny Baker,Michael Pennington,Kenneth Colley,Michael Carter,Denis Lawson,Tim Rose","Lawrence Kasdan,Richard Marquand,George Lucas",Lucasfilm,"Action,Adventure,Fantasy","bikini,bounty hunter,brother sister relationship,father son relationship,yoda character","English,Kikuyu,Tagalog,Kalmyk-Oirat,Quechua",United States,,1983-05-25,PT2H11M,"$482,466,382",8.3,1192735,
1392190,Mad Max: Fury Road,"Gross US & Canada$154,280,290","Tom Hardy,Charlize Theron,Nicholas Hoult,Hugh Keays-Byrne,Josh Helman,Nathan Jones,Zoë Kravitz,Rosie Huntington-Whiteley,Riley Keough,Abbey Lee,Courtney Eaton,John Howard,Richard Carter,Iota,Angus Sampson,Jennifer Hagan,Megan Gale,Melissa Jaffer","Nick Lathouris,Brendan McCarthy,George Miller","Warner Bros.,Village Roadshow Pictures,Kennedy Miller Mitchell","Action,Adventure,Sci-Fi","post apocalypse,desert,car chase,escape,chase","English,Russian","Australia,United States",Namib Desert Namibia,2015-05-15,PT2H,"$380,456,026",8.1,1192496,
266543,Finding Nemo,"Gross US & Canada$380,843,261","Albert Brooks,Ellen DeGeneres,Alexander Gould,Willem Dafoe,Brad Garrett,Allison Janney,Austin Pendleton,Stephen Root,Vicki Lewis,Joe Ranft,Geoffrey Rush,Andrew Stanton,Elizabeth Perkins,Nicholas Bird,Bob Peterson,Barry Humphries,Eric Bana,Bruce Spence","Bob Peterson,David Reynolds,Andrew Stanton,Lee Unkrich","Pixar Animation Studios,Walt Disney Pictures,Pixar Animation Studios","Animation,Adventure,Comedy","blood,shark,protective father,escape attempt,pelican","English,Japanese,Russian","United States,Japan,Australia",,2003-05-30,PT1H40M,"$941,637,960",8.2,1189589,
119217,Good Will Hunting,"Gross US & Canada$138,433,435","Robin Williams,Matt Damon,Ben Affleck,Stellan Skarsgård,John Mighton,Rachel Majorowski,Colleen McCauley,Casey Affleck,Cole Hauser,Matt Mercier,Ralph St. George,Rob Lynds,Dan Washington,Alison Folland,Derrick Bridgeman,Vik Sahay,Shannon Egleson,Rob Lyons","Matt Damon,Gus Van Sant,Ben Affleck","Miramax,Lawrence Bender Productions,Be Gentlemen Limited Partnership","Drama,Romance","professor,genius,mathematical genius,loss of wife,psychotherapy",English,United States,Massachusetts Turnpike Massachusetts USA,1998-01-09,PT2H6M,"$225,933,435",8.3,1185827,
477348,No Country for Old Men,"Gross US & Canada$74,283,625","Tommy Lee Jones,Javier Bardem,Josh Brolin,Woody Harrelson,Kelly Macdonald,Garret Dillahunt,Tess Harper,Barry Corbin,Stephen Root,Rodger Boyce,Beth Grant,Ana Reeder,Kit Gwin,Zach Hopkins,Chip Love,Eduardo Antonio Garcia,Gene Jones,Myk Watford","Ethan Coen,Joel Coen,Cormac McCarthy","Paramount Vantage,Miramax,Scott Rudin Productions","Crime,Drama,Thriller","texas,neo western,desert,cold blooded murder,sheriff","English,Spanish",United States,,2007-11-21,PT2H2M,"$171,635,732",8.2,1165447,
338013,Eternal Sunshine of the Spotless Mind,"Gross US & Canada$34,400,301","Jim Carrey,Kate Winslet,Tom Wilkinson,Gerry Robert Byrne,Elijah Wood,Thomas Jay Ryan,Mark Ruffalo,Jane Adams,David Cross,Kirsten Dunst,Ryan Whitney,Debbon Ayer,Amir Ali Said,Brian Price,Paulie Litt,Josh Flitter,Lola Daehler,Deirdre O'Connell","Pierre Bismuth,Michel Gondry,Charlie Kaufman","Focus Features,Anonymous Content,This Is That Productions","Drama,Romance,Sci-Fi","memory,loneliness,valentine&apos;s day,flashback,nonlinear timeline",English,United States,Montauk New York USA,2004-03-19,PT1H48M,"$73,068,668",8.3,1165131,
107290,Jurassic Park,"Gross US & Canada$407,185,075","Sam Neill,Laura Dern,Jeff Goldblum,Richard Attenborough,Bob Peck,Martin Ferrero,BD Wong,Joseph Mazzello,Ariana Richards,Samuel L. Jackson,Wayne Knight,Gerald R. Molen,Miguel Sandoval,Cameron Thor,Christopher John Fields,Whit Flint,Dean Cundey,Jophery C. Brown","Michael Crichton,Steven Spielberg,David Koepp","Universal Pictures,Amblin Entertainment","Action,Adventure,Sci-Fi","sneeze,dinosaur,toilet,scientist,paleontology","English,Spanish",United States,Tehachapi Pass California USA,1993-06-11,PT2H7M,"$1,103,096,466",8.2,1157336,
105236,Reservoir Dogs,"Gross US & Canada$2,832,029","Harvey Keitel,Tim Roth,Michael Madsen,Chris Penn,Steve Buscemi,Lawrence Tierney,Randy Brooks,Kirk Baltz,Edward Bunker,Quentin Tarantino,Rich Turner,David Steen,Tony Cosmo,Stevo Polyi,Michael Sottile,Robert Ruth,Lawrence Bender,Linda Kaye","Roger Avary,Quentin Tarantino","Live Entertainment,Dog Eat Dog Productions Inc.","Crime,Thriller","robbery,torture threat,nonlinear timeline,neo noir,mexican standoff",English,United States,,1992-09-02,PT1H39M,"$2,942,225",8.3,1156709,
2267998,Gone Girl,"Gross US & Canada$167,767,189","Ben Affleck,Rosamund Pike,Neil Patrick Harris,Tyler Perry,Carrie Coon,Kim Dickens,Patrick Fugit,David Clennon,Lisa Banes,Missi Pyle,Emily Ratajkowski,Casey Wilson,Lola Kirke,Boyd Holbrook,Sela Ward,Lee Norris,Jamie McShane,Leonard Kelly-Young","Gillian Flynn,David Fincher","Twentieth Century Fox,New Regency Productions,TSG Entertainment","Drama,Mystery,Thriller","missing person,disappearance,murder suspect,husband wife relationship,based on novel",English,United States,Cape Girardeau Missouri USA,2014-10-03,PT2H29M,"$370,890,259",8.1,1151292,
112573,Braveheart,"Gross US & Canada$75,609,945","Mel Gibson,Sophie Marceau,Patrick McGoohan,James Robinson,Sean Lawlor,Sandy Nelson,James Cosmo,Sean McGinley,Alan Tall,Andrew Weir,Gerda Stevenson,Ralph Riach,Mhairi Calvey,Brian Cox,Peter Hanly,Stephen Billington,Barry McGovern,Angus Macfadyen","Randall Wallace,Mel Gibson","Icon Entertainment International,The Ladd Company,B.H. Finance C.V.","Biography,Drama,War","scotland,revolt,14th century,england,idealism","English,French,Latin,Gaelic,Italian",United States,Fort William Glen Coe Highland Scotland UK,1995-05-24,PT2H58M,"$213,216,216",8.3,1149445,
114709,Toy Story,"Gross US & Canada$229,947,062","Tom Hanks,Tim Allen,Don Rickles,Jim Varney,Wallace Shawn,John Ratzenberger,Annie Potts,John Morris,Erik von Detten,Laurie Metcalf,R. Lee Ermey,Sarah Rayne,Penn Jillette,Jack Angel,Spencer Aste,Greg Berg,Lisa Bradley,Kendall Cunningham","John Lasseter,Joss Whedon,Joel Cohen,Andrew Stanton","Pixar Animation Studios,Walt Disney Pictures,Pixar Animation Studios","Animation,Adventure,Comedy","toy,computer animation,cowboy,toy comes to life,action figure",English,United States,,1995-11-22,PT1H21M,"$401,157,969",8.3,1154193,
73486,One Flew Over the Cuckoo&apos;s Nest,"Gross US & Canada$108,981,275","Jack Nicholson,Louise Fletcher,Michael Berryman,Peter Brocco,Dean R. Brooks,Alonzo Brown,Scatman Crothers,Mwako Cumbuka,Danny DeVito,William Duell,Josip Elic,Lan Fendors,Nathan George,Ken Kenny,Mel Lambert,Sydney Lassick,Kay Lee,Christopher Lloyd","Lawrence Hauben,Bo Goldman,Ken Kesey,Milos Forman","Fantasy Films,N.V. Zvaluw",Drama,"mental institution,nurse,mental illness,native american,escape",English,United States,,1975-11-21,PT2H13M,"$109,130,852",8.6,1144740,
167404,The Sixth Sense,"Gross US & Canada$293,506,292","Bruce Willis,Haley Joel Osment,Toni Collette,Olivia Williams,Trevor Morgan,Donnie Wahlberg,Peter Anthony Tambakis,Jeffrey Zubernis,Bruce Norris,Glenn Fitzgerald,Greg Wood,Mischa Barton,Angelica Page,Lisa Summerour,Firdous Bamji,Samia Shoaib,Hayden Saunier,Janis Dardaris",M. Night Shyamalan,"Hollywood Pictures,Spyglass Entertainment,The Kennedy/Marshall Company","Drama,Mystery,Thriller","plot twist,surprise ending,ghost,single mother,psychic","English,Latin,Spanish",United States,,1999-08-06,PT1H47M,"$672,806,432",8.2,1127958,
6751668,Gisaengchung,"Gross US & Canada$53,847,897","Song Kang-ho,Lee Sun-kyun,Cho Yeo-jeong,Choi Woo-sik,Park So-dam,Lee Jeong-eun,Jang Hye-jin,Park Myeong-hoon,Jung Ji-so,Jung Hyun-jun,Park Keun-rok,Jung Yi-seo,Jo Jae-myeong,Jung Ik-han,Kim Kyu-baek,Hwang In-kyung,Ahn Seong-bong,Kim Jin-hyung","Bong Joon Ho,Han Jin-won",Barunson E&A,"Drama,Thriller","class differences,plot twist,social satire,fraud,scam","Korean,English",South Korea,Jahamun-ro Buam-dong Jongno-gu Seoul South Korea,2019-11-08,PT2H12M,"$262,550,310",8.5,1127462,
2582802,Whiplash,"Gross US & Canada$14,003,391","Miles Teller,J.K. Simmons,Melissa Benoist,Paul Reiser,Austin Stowell,Nate Lang,Chris Mulkey,Damon Gupton,Suanne Spoke,Max Kasch,Charlie Ian,Jayson Blair,Kofi Siriboe,Kavita Patil,C.J. Vana,Tarik Lowe,Tyler Kimball,Rogelio Douglas Jr.",Damien Chazelle,"Bold Films,Blumhouse Productions,Right of Way Films","Drama,Music","emotional abuse,drummer,teacher student relationship,teacher misconduct,jazz music",English,United States,Santa Clarita California USA,2014-10-15,PT1H46M,"$50,431,161",8.5,1124473,
82971,Raiders of the Lost Ark,"Gross US & Canada$248,159,971","Harrison Ford,Karen Allen,Paul Freeman,Ronald Lacey,John Rhys-Davies,Denholm Elliott,Alfred Molina,Wolf Kahler,Anthony Higgins,Vic Tablian,Don Fellows,William Hootkins,Bill Reimbold,Fred Sorenson,Patrick Durkin,Matthew Scurfield,Malcolm Weaver,Sonny Caldinez","Philip Kaufman,Steven Spielberg,Lawrence Kasdan,George Lucas","Paramount Pictures,Lucasfilm","Action,Adventure","nazi,ark of the covenant,female tied up,egypt,shootout","English,German,Spanish,Nepali,Hebrew",United States,Sidi Bouhlel Tozeur Tunisia,1981-06-12,PT1H55M,"$389,925,971",8.4,1099034,
1392170,The Hunger Games,"Gross US & Canada$408,010,692","Jennifer Lawrence,Josh Hutcherson,Liam Hemsworth,Stanley Tucci,Wes Bentley,Willow Shields,Elizabeth Banks,Sandra Ellis Lafferty,Paula Malcomson,Rhoda Griffis,Sandino Moya-Smith,Raiko Bowman,Dwayne Boyd,Anthony Reynolds,Judd Lormand,Woody Harrelson,Toby Jones,Kimiko Gelman","Billy Ray,Suzanne Collins,Gary Ross","Lionsgate,Color Force","Action,Adventure,Sci-Fi","female protagonist,self survival,tough girl,teenage killer,child murderer",English,United States,Shelby North Carolina USA,2012-03-23,PT2H22M,"$695,220,619",7.2,1066852,
198781,"Monsters, Inc.","Gross US & Canada$290,642,256","Billy Crystal,John Goodman,Mary Gibbs,Steve Buscemi,James Coburn,Jennifer Tilly,Bob Peterson,John Ratzenberger,Frank Oz,Daniel Gerson,Steve Susskind,Bonnie Hunt,Jeff Pidgeon,Samuel Lord Black,Jack Angel,Bob Bergen,Rodger Bumpass,Gino Conforti","Jeff Pidgeon,Lee Unkrich,Jill Culton,Pete Docter,David Silverman","Walt Disney Pictures,Pixar Animation Studios","Animation,Adventure,Comedy","monster world,monster,human nonhuman relationship,portal door,scream",English,United States,,2001-11-02,PT1H32M,"$579,773,055",8.1,1057255,
78748,Alien,"Gross US & Canada$84,206,106","Sigourney Weaver,Tom Skerritt,John Hurt,Veronica Cartwright,Harry Dean Stanton,Ian Holm,Yaphet Kotto,Bolaji Badejo,Helen Horton,Eddie Powell","Ronald Shusett,Ridley Scott,Dan O'Bannon","Twentieth Century Fox,Brandywine Productions,Scott Free Productions","Horror,Sci-Fi","alien,outer space,spaceship,survival horror,monster",English,"United Kingdom,United States",Shepperton Studios Shepperton Surrey England UK,1979-06-22,PT1H57M,"$109,507,381",8.5,1049044,
268978,A Beautiful Mind,"Gross US & Canada$170,742,341","Russell Crowe,Ed Harris,Jennifer Connelly,Christopher Plummer,Paul Bettany,Adam Goldberg,Josh Lucas,Anthony Rapp,Jason Gray-Stanford,Judd Hirsch,Austin Pendleton,Vivien Cardone,Jillie Simon,Victor Steinbach,Tanya Clarke,Thomas F. Walsh,Jesse Doran,Kent Cassella","Ron Howard,Sylvia Nasar,Akiva Goldsman","Universal Pictures,DreamWorks Pictures,Imagine Entertainment","Biography,Drama,Mystery","mental illness,mathematician,schizophrenia,nobel prize,game theory",English,United States,Princeton New Jersey USA,2002-01-04,PT2H15M,"$316,791,257",8.2,1042593,
1201607,Harry Potter and the Deathly Hallows: Part 2,"Gross US & Canada$381,447,587","Daniel Radcliffe,Emma Watson,Rupert Grint,Ralph Fiennes,Michael Gambon,Alan Rickman,Evanna Lynch,Domhnall Gleeson,Clémence Poésy,Warwick Davis,John Hurt,Helena Bonham Carter,Graham Duff,Anthony Allgood,Rusty Goffe,Jon Key,Kelly Macdonald,Jason Isaacs","J.K. Rowling,Steve Kloves,David Yates","Warner Bros.,Heyday Films","Adventure,Family,Fantasy","friendship,snake,based on novel,ginny weasley character,lucius malfoy character","English,Latin","United Kingdom,United States",,2011-07-15,PT2H10M,"$1,342,505,340",8.1,1027323,
95016,Die Hard,"Gross US & Canada$85,892,546","Bruce Willis,Alan Rickman,Bonnie Bedelia,Reginald VelJohnson,Paul Gleason,De'voreaux White,William Atherton,Hart Bochner,James Shigeta,Alexander Godunov,Bruno Doyon,Andreas Wisniewski,Clarence Gilyard Jr.,Joseph Plewa,Lorenzo Caccialanza,Gérard Bonn,Dennis Hayden,Al Leong","Roderick Thorp,Steven E. de Souza,John McTiernan,Jeb Stuart","Twentieth Century Fox,Gordon Company,Silver Pictures","Action,Thriller","hostage,one against many,los angeles california,christmas,heist","English,German,Italian,Japanese",United States,,1988-07-20,PT2H12M,"$143,651,650",8.2,1016963,
2488496,Star Wars: Episode VII - The Force Awakens,"Gross US & Canada$936,662,225","Daisy Ridley,John Boyega,Oscar Isaac,Harrison Ford,Mark Hamill,Carrie Fisher,Adam Driver,Lupita Nyong'o,Andy Serkis,Domhnall Gleeson,Anthony Daniels,Max von Sydow,Peter Mayhew,Gwendoline Christie,Joonas Suotamo,Pip Andersen,Simon Pegg,Kiran Shah","J.J. Abrams,Michael Arndt,Lawrence Kasdan","Lucasfilm,Bad Robot","Action,Adventure,Sci-Fi","crash landing,reboot,actor reprises previous role,hatred,death",English,"United States,United Kingdom",Skellig Michael County Kerry Ireland,2015-12-18,PT2H18M,"$2,071,310,218",7.7,1015669,
1160419,Dune: Part One,"Gross US & Canada$108,897,830","Timothée Chalamet,Rebecca Ferguson,Zendaya,Oscar Isaac,Jason Momoa,Stellan Skarsgård,Stephen McKinley Henderson,Josh Brolin,Javier Bardem,Sharon Duncan-Brewster,Chang Chen,Dave Bautista,David Dastmalchian,Charlotte Rampling,Babs Olusanmokun,Benjamin Clémentine,Souad Faress,Golda Rosheuvel","Denis Villeneuve,Jon Spaihts,Eric Roth","Warner Bros.,Legendary Pictures,Villeneuve Films","Action,Adventure,Drama","mother son relationship,based on novel,mind control,empire,sandworm","English,Mandarin","United States,Canada",Wadi Rum Jordan,2021-10-22,PT2H35M,"$410,668,500",8,1010898,
1675434,Intouchables,"Gross US & Canada$10,198,820","François Cluzet,Omar Sy,Anne Le Ny,Audrey Fleurot,Joséphine de Meaux,Clotilde Mollet,Alba Gaïa Bellugi,Cyril Mendy,Salimata Kamate,Absa Diatou Toure,Grégoire Oestermann,Dominique Daguier,François Caron,Christian Ameri,Thomas Solivérès,Dorothée Brière,Marie-Laure Descoureaux,Émilie Caen","Éric Toledano,Olivier Nakache,Philippe Pozzo di Borgo","Quad,Ten Films,Canal+","Comedy,Drama","caregiver,class differences,quadriplegia,disabled person,friendship between men","French,English",France,Cabourg Calvados France,2011-11-02,PT1H52M,"$426,590,315",8.5,1009555,
75314,Taxi Driver,"Gross US & Canada$28,262,574","Robert De Niro,Jodie Foster,Cybill Shepherd,Diahnne Abbott,Frank Adu,Victor Argo,Gino Ardito,Garth Avery,Peter Boyle,Albert Brooks,Harry Cohn,Copper Cunningham,Brenda Dickson,Harry Fischler,Nat Grant,Leonard Harris,Richard Higgs,Beau Kayser","Martin Scorsese,Paul Schrader","Columbia Pictures,Bill/Phillips,Italo/Judeo Productions","Crime,Drama","taxi driver,loner,street life,child prostitution,anti hero","English,Spanish",United States,87 Columbia Heights Brooklyn New York USA,1976-02-09,PT1H54M,"$28,979,798",8.2,1008918,
86250,Scarface,"Gross US & Canada$45,967,303","Al Pacino,Michelle Pfeiffer,Steven Bauer,Mary Elizabeth Mastrantonio,Robert Loggia,Miriam Colon,F. Murray Abraham,Paul Shenar,Harris Yulin,Ángel Salazar,Arnaldo Santana,Pepe Serna,Michael P. Moran,Al Israel,Dennis Holahan,Mark Margolis,Michael Alldredge,Ted Beniades","Brian De Palma,Ben Hecht,Oliver Stone,Howard Hawks","Universal Pictures,Martin Bregman Productions","Crime,Drama","gangster,cocaine,murderer as protagonist,organized crime,power","English,Spanish",United States,656 Park Ln Santa Barbara California USA,1983-12-09,PT2H50M,"$66,443,303",8.3,998010,
253474,The Pianist,"Gross US & Canada$32,590,750","Adrien Brody,Thomas Kretschmann,Frank Finlay,Emilia Fox,Michal Zebrowski,Ed Stoppard,Maureen Lipman,Jessica Kate Meyer,Julia Rayner,Wanja Mues,Richard Ridings,Nomi Sharron,Anthony Milner,Lucy Skeaping,Roddy Skeaping,Ben Harlan,Thomas Lawinky,Joachim Paul Assböck","Wladyslaw Szpilman,Ronald Harwood,Roman Polanski","R.P. Productions,Heritage Films,Studio Babelsberg","Biography,Drama,Music","pianist,holocaust,hiding a jew,survival,based on autobiography","English,German,Russian","France,Poland,Germany",Instalatorów Ochota Warsaw Mazowieckie Poland,2003-03-28,PT2H30M,"$120,098,945",8.5,997394,
10872600,Spider-Man: No Way Home,"Gross US & Canada$814,866,759","Tom Holland,Zendaya,Benedict Cumberbatch,Jacob Batalon,Jon Favreau,Jamie Foxx,Willem Dafoe,Alfred Molina,Benedict Wong,Tony Revolori,Marisa Tomei,Andrew Garfield,Tobey Maguire,Angourie Rice,Arian Moayed,Paula Newsome,Hannibal Buress,Martin Starr","Stan Lee,Chris McKenna,Jon Watts,Erik Sommers","Columbia Pictures,Pascal Pictures,Marvel Studios","Action,Adventure,Fantasy","superhero,spider man character,green goblin character,based on comic,marvel cinematic universe","English,Tagalog",United States,Iceland,2021-12-17,PT2H28M,"$1,921,426,073",8.2,993257,
3659388,The Martian,"Gross US & Canada$228,433,663","Matt Damon,Jessica Chastain,Kristen Wiig,Jeff Daniels,Michael Peña,Sean Bean,Kate Mara,Sebastian Stan,Aksel Hennie,Chiwetel Ejiofor,Benedict Wong,Mackenzie Davis,Donald Glover,Nick Mohammed,Shu Chen,Eddy Ko,Enzo Cilenti,Jonathan Aris","Andy Weir,Drew Goddard,Ridley Scott","Twentieth Century Fox,TSG Entertainment,Scott Free Productions","Adventure,Drama,Sci-Fi","astronaut,space habitat,presumed dead,disco music,stranded","English,Mandarin","United States,United Kingdom,Hungary",Wadi Rum Jordan,2015-10-02,PT2H24M,"$630,621,406",8,991655,
88247,The Terminator,"Gross US & Canada$38,371,200","Arnold Schwarzenegger,Linda Hamilton,Michael Biehn,Paul Winfield,Lance Henriksen,Rick Rossovich,Bess Motta,Earl Boen,Dick Miller,Shawn Schepps,Bruce M. Kerner,Franco Columbu,Bill Paxton,Brad Rearden,Brian Thompson,William Wisher,Ken Fritz,Tom Oberhaus","James Cameron,Gale Anne Hurd,William Wisher","Hemdale,Pacific Western Productions,Euro Film Funding","Action,Adventure,Sci-Fi","cyborg,time travel,future war,first of series,car chase","English,Spanish","United Kingdom,United States",720 S Hill Street Los Angeles California USA,1984-10-26,PT1H47M,"$78,371,200",8.1,989334,
2395427,Avengers: Age of Ultron,"Gross US & Canada$459,005,868","Robert Downey Jr.,Chris Evans,Mark Ruffalo,Chris Hemsworth,Scarlett Johansson,Jeremy Renner,James Spader,Samuel L. Jackson,Don Cheadle,Aaron Taylor-Johnson,Elizabeth Olsen,Paul Bettany,Cobie Smulders,Anthony Mackie,Hayley Atwell,Idris Elba,Linda Cardellini,Stellan Skarsgård","Stan Lee,Joss Whedon,Jack Kirby",Marvel Studios,"Action,Adventure,Sci-Fi","superhero,marvel cinematic universe,artificial intelligence,hallucination,superhero team","English,Korean","United States,South Korea,Cambodia",Chittagong Bangladesh,2015-05-01,PT2H21M,"$1,405,018,048",7.3,984855,
15398776,Oppenheimer,"Gross US & Canada$330,078,895","Cillian Murphy,Emily Blunt,Matt Damon,Robert Downey Jr.,Alden Ehrenreich,Scott Grimes,Jason Clarke,Kurt Koehler,Tony Goldwyn,John Gowans,Macon Blair,James D'Arcy,Kenneth Branagh,Harry Groener,Gregory Jbara,Ted King,Tim DeKay,Steven Houska","Martin Sherwin,Christopher Nolan,Kai Bird","Universal Pictures,Syncopy,Atlas Entertainment","Biography,Drama,History","manhattan project,nuclear physicist,american politics,atomic bomb,year 1945","English,German,Italian,Dutch","United States,United Kingdom",Los Alamos New Mexico USA,2023-07-21,PT3H,"$975,811,333",8.2,982402,
50083,12 Angry Men,"Gross worldwide$9,844","Henry Fonda,Lee J. Cobb,Martin Balsam,John Fiedler,E.G. Marshall,Jack Klugman,Edward Binns,Jack Warden,Joseph Sweeney,Ed Begley,George Voskovec,Robert Webber,Rudy Bond,Tom Gorman,James Kelly,Billy Nelson,John Savoca,Walter Stocker","Sidney Lumet,Reginald Rose",Orion-Nova Productions,"Crime,Drama","jury,murder,dialogue driven,trial,jury room",English,United States,,1957-04-10,PT1H36M,"$350,000 (estimated)",9,965520,
208092,Snatch,"Gross US & Canada$30,328,156","Jason Statham,Brad Pitt,Stephen Graham,Ade,William Beck,Andy Beckwith,Ewen Bremner,Jason Buckham,Mickey Cantwell,Nicola Collins,Teena Collins,Charles Cork,James Cunningham,Sorcha Cusack,Mickey Dee,Benicio Del Toro,Sam Douglas,Dennis Farina",Guy Ritchie,"Screen Gems,SKA Films","Comedy,Crime","diamond,boxer,cockney accent,ensemble cast,criminal underworld","English,Russian","United Kingdom,United States",,2001-01-19,PT1H42M,"$83,558,617",8.2,965513,
180093,Requiem for a Dream,"Gross US & Canada$3,635,482","Ellen Burstyn,Jared Leto,Jennifer Connelly,Marlon Wayans,Christopher McDonald,Louise Lasser,Marcia Jean Kurtz,Janet Sarno,Suzanne Shepherd,Joanne Gordon,Charlotte Aronofsky,Mark Margolis,Michael Kaycheck,Jack O'Connell,Chas Mastin,Ajay Naidu,Sean Gullette,Samia Shoaib","Hubert Selby Jr.,Darren Aronofsky","Artisan Entertainment,Thousand Words,Sibling Productions",Drama,"drug addiction,prostitution,heroin,sex show,diet pill",English,United States,Coney Island Brooklyn New York City New York USA,2000-12-15,PT1H42M,"$7,391,471",8.3,961247,
1843866,Captain America: The Winter Soldier,"Gross US & Canada$259,766,572","Chris Evans,Samuel L. Jackson,Scarlett Johansson,Robert Redford,Sebastian Stan,Anthony Mackie,Cobie Smulders,Frank Grillo,Maximiliano Hernández,Emily VanCamp,Hayley Atwell,Toby Jones,Stan Lee,Callan Mulvey,Jenny Agutter,Bernard White,Alan Dale,Chin Han","Stephen McFeely,Christopher Markus,Joe Simon,Anthony Russo,Joe Russo",Marvel Studios,"Action,Adventure,Sci-Fi","conspiracy,heroism,assassin,world domination,bionic arm","English,French",United States,West 3rd and Lakeside Avenue Cleveland Ohio USA,2014-04-04,PT2H16M,"$714,421,503",7.7,958529,
435761,Toy Story 3,"Gross US & Canada$415,004,880","Tom Hanks,Tim Allen,Joan Cusack,Ned Beatty,Don Rickles,Michael Keaton,Wallace Shawn,John Ratzenberger,Estelle Harris,John Morris,Jodi Benson,Emily Ricks Hahn,Laurie Metcalf,Blake Clark,Theodore Newton,Bud Luckey,Bea Miller,Javier Fernández-Peña","John Lasseter,Andrew Stanton,Lee Unkrich","Walt Disney Pictures,Pixar Animation Studios","Animation,Adventure,Comedy","escape,recycling,sheriff,janitor,fashion show","English,Spanish",United States,,2010-06-18,PT1H43M,"$1,067,316,101",8.3,955471,
458339,Captain America: The First Avenger,"Gross US & Canada$176,654,505","Chris Evans,Hugo Weaving,Samuel L. Jackson,Hayley Atwell,Sebastian Stan,Tommy Lee Jones,Dominic Cooper,Richard Armitage,Stanley Tucci,Toby Jones,Neal McDonough,Derek Luke,Kenneth Choi,JJ Feild,Bruno Ricci,Lex Shrapnel,Michael Brandon,Martin T. Sherman","Christopher Markus,Joe Johnston,Stephen McFeely,Joe Simon","Paramount Pictures,Marvel Entertainment,Marvel Studios","Action,Adventure,Sci-Fi","superhero,based on comic book,nazi,scientist,soldier","English,Norwegian,French",United States,Manchester Greater Manchester England UK,2011-07-22,PT2H4M,"$370,569,774",6.9,954412,
800369,Thor,"Gross US & Canada$181,030,624","Chris Hemsworth,Anthony Hopkins,Natalie Portman,Tom Hiddleston,Stellan Skarsgård,Kat Dennings,Clark Gregg,Colm Feore,Idris Elba,Ray Stevenson,Tadanobu Asano,Josh Dallas,Jaimie Alexander,Rene Russo,Adriana Barraza,Maximiliano Hernández,Richard Cetrone,Darren Kendrick","Zack Stentz,Kenneth Branagh,Don Payne,Ashley E. Miller","Paramount Pictures,Marvel Entertainment,Marvel Studios","Action,Fantasy","loki character,scientist,marvel cinematic universe,nick fury character,clint barton character",English,United States,,2011-05-06,PT1H55M,"$449,326,618",7,953709,
1300854,Iron Man Three,"Gross US & Canada$409,013,994","Robert Downey Jr.,Guy Pearce,Gwyneth Paltrow,Don Cheadle,Rebecca Hall,Jon Favreau,Ben Kingsley,James Badge Dale,Stephanie Szostak,Paul Bettany,William Sadler,Dale Dickey,Ty Simpkins,Miguel Ferrer,Xueqi Wang,Shaun Toub,Matthew Sterling Nye,Pat Kiernan","Drew Pearce,Shane Black,Stan Lee","Marvel Studios,Paramount Pictures,DMG Entertainment","Action,Adventure,Sci-Fi","terrorist,billionaire,human bomb,superhero,armor",English,United States,Kenansville North Carolina USA,2013-05-03,PT2H10M,"$1,215,577,205",7.1,952601,
2278388,The Grand Budapest Hotel,"Gross US & Canada$59,301,324","Ralph Fiennes,F. Murray Abraham,Mathieu Amalric,Adrien Brody,Willem Dafoe,Jeff Goldblum,Harvey Keitel,Jude Law,Bill Murray,Edward Norton,Saoirse Ronan,Jason Schwartzman,Léa Seydoux,Tilda Swinton,Tom Wilkinson,Owen Wilson,Tony Revolori,Larry Pine","Stefan Zweig,Wes Anderson,Hugo Guinness","Fox Searchlight Pictures,Indian Paintbrush,Studio Babelsberg","Comedy,Drama","hotel,lobby boy,painting,first person narration,mentor protege relationship","English,French,German","United States,Germany",Görlitz Saxony Germany,2014-03-28,PT1H39M,"$174,567,384",8.1,951529,
145487,Spider-Man,"Gross US & Canada$408,524,875","Tobey Maguire,Kirsten Dunst,Willem Dafoe,James Franco,Cliff Robertson,Rosemary Harris,J.K. Simmons,Joe Manganiello,Gerry Becker,Bill Nunn,Jack Betts,Stanley Anderson,Ron Perkins,Michael Papajohn,K.K. Dodds,Ted Raimi,Bruce Campbell,Elizabeth Banks","Sam Raimi,Steve Ditko,David Koepp,Stan Lee","Columbia Pictures,Marvel Enterprises,Laura Ziskin Productions","Action,Adventure,Sci-Fi","superhero,based on comic,peter parker character,ben parker character,spider man character",English,United States,,2002-05-03,PT2H1M,"$810,923,968",7.4,950171,
245429,Sen to Chihiro no kamikakushi,"Gross US & Canada$14,821,254","Miyu Irino,Rumi Hiiragi,Mari Natsuki,Takashi Naitô,Yasuko Sawaguchi,Tatsuya Gashûin,Ryûnosuke Kamiki,Yumi Tamai,Yô Ôizumi,Koba Hayashi,Tsunehiko Kamijô,Takehiko Ono,Bunta Sugawara,Shigeru Wakita,Shirô Saitô,Michiko Yamamoto,Keiko Tsukamoto,Akio Nakamura",Hayao Miyazaki,"Tokuma Shoten,Studio Ghibli,Nippon Television Network (NTV)","Animation,Adventure,Family","studio ghibli,turned into a pig,parent child relationship,spirit world,child protagonist","Japanese,English","Japan,United States",,2003-03-28,PT2H4M,"$360,393,388",8.6,947713,
7131622,Once Upon a Time in... Hollywood,"Gross US & Canada$142,502,728","Leonardo DiCaprio,Brad Pitt,Margot Robbie,Emile Hirsch,Margaret Qualley,Timothy Olyphant,Julia Butters,Austin Butler,Dakota Fanning,Bruce Dern,Mike Moh,Luke Perry,Damian Lewis,Al Pacino,Nicholas Hammond,Samantha Robinson,Rafal Zawierucha,Lorenza Izzo",Quentin Tarantino,"Columbia Pictures,Bona Film Group,Heyday Films","Comedy,Drama","hollywood california,place in title,violence,year 1969,actor as protagonist","English,Italian,Spanish,German","United States,United Kingdom,China",,2019-07-26,PT2H41M,"$392,105,159",7.6,942811,
